<people>
<person id="person0">
<name>Ayonca Vijaykrishnan</name>
<emailaddress>mailto:Vijaykrishnan@nyu.edu</emailaddress>
<phone>+0 (477) 63141558</phone>
<address>
<street>49 Nandavar St</street>
<city>Tallahassee</city>
<country>Portugal</country>
<zipcode>7</zipcode>
</address>
<homepage>http://www.nyu.edu/~Vijaykrishnan</homepage>
<profile income="83146.24">
<interest category="category1"/>
<interest category="category1"/>
<interest category="category2"/>
<interest category="category3"/>
<interest category="category1"/>
<interest category="category2"/>
<education>Graduate School</education>
<gender>male</gender>
<business>No</business>
<age>52</age>
</profile>
<watches>
<watch open_auction="open_auction34"/>
<watch open_auction="open_auction49"/>
</watches>
</person>
<person id="person1">
<name>Vidar Reinsch</name>
<emailaddress>mailto:Reinsch@usa.net</emailaddress>
<address>
<street>70 Zlatev St</street>
<city>Greenville</city>
<country>United States</country>
<zipcode>22</zipcode>
</address>
<creditcard>8814 4441 4702 6117</creditcard>
<profile income="91891.75">
<interest category="category0"/>
<business>Yes</business>
<age>31</age>
</profile>
<watches>
<watch open_auction="open_auction11"/>
<watch open_auction="open_auction20"/>
<watch open_auction="open_auction49"/>
<watch open_auction="open_auction3"/>
</watches>
</person>
<person id="person2">
<name>Rens Rifaut</name>
<emailaddress>mailto:Rifaut@duke.edu</emailaddress>
<address>
<street>71 Blomer St</street>
<city>Brussels</city>
<country>United States</country>
<province>New Jersey</province>
<zipcode>34</zipcode>
</address>
<creditcard>4464 2718 4111 2553</creditcard>
<profile income="42374.31">
<interest category="category0"/>
<interest category="category1"/>
<interest category="category3"/>
<interest category="category1"/>
<interest category="category0"/>
<education>College</education>
<business>No</business>
<age>25</age>
</profile>
</person>
<person id="person3">
<name>Hyongmuk Lauwereins</name>
<emailaddress>mailto:Lauwereins@auth.gr</emailaddress>
<creditcard>4268 6490 9239 6067</creditcard>
<watches>
</watches>
</person>
<person id="person4">
<name>Kazufumi Fabrizio</name>
<emailaddress>mailto:Fabrizio@gatech.edu</emailaddress>
<address>
<street>99 Leslie St</street>
<city>Gothenburg</city>
<country>Armenia</country>
<zipcode>15</zipcode>
</address>
<homepage>http://www.gatech.edu/~Fabrizio</homepage>
<profile income="37269.45">
<gender>male</gender>
<business>No</business>
</profile>
<watches>
<watch open_auction="open_auction48"/>
<watch open_auction="open_auction56"/>
<watch open_auction="open_auction46"/>
</watches>
</person>
<person id="person5">
<name>Wen Murrill</name>
<emailaddress>mailto:Murrill@umkc.edu</emailaddress>
<address>
<street>2 Bihari St</street>
<city>Houston</city>
<country>United States</country>
<province>Iowa</province>
<zipcode>13</zipcode>
</address>
<homepage>http://www.umkc.edu/~Murrill</homepage>
<profile income="94507.22">
<gender>female</gender>
<business>Yes</business>
</profile>
</person>
<person id="person6">
<name>Moheb Mersereau</name>
<emailaddress>mailto:Mersereau@umass.edu</emailaddress>
<address>
<street>16 Tagg St</street>
<city>Veracruz</city>
<country>Turks Islands</country>
<zipcode>23</zipcode>
</address>
<creditcard>4462 9674 4373 8450</creditcard>
</person>
<person id="person7">
<name>Yuanyuan Sydow</name>
<emailaddress>mailto:Sydow@newpaltz.edu</emailaddress>
<phone>+213 (600) 7188249</phone>
<profile income="46645.20">
<interest category="category1"/>
<interest category="category3"/>
<interest category="category2"/>
<education>Graduate School</education>
<gender>male</gender>
<business>No</business>
<age>30</age>
</profile>
<watches>
<watch open_auction="open_auction54"/>
<watch open_auction="open_auction3"/>
</watches>
</person>
<person id="person8">
<name>Mathilde Fabrizio</name>
<emailaddress>mailto:Fabrizio@msn.com</emailaddress>
<address>
<street>40 Dippoldsmann St</street>
<city>Green</city>
<country>United States</country>
<province>Wyoming</province>
<zipcode>13</zipcode>
</address>
<homepage>http://www.msn.com/~Fabrizio</homepage>
<creditcard>2160 6291 4711 6108</creditcard>
<watches>
<watch open_auction="open_auction18"/>
<watch open_auction="open_auction56"/>
<watch open_auction="open_auction16"/>
<watch open_auction="open_auction30"/>
</watches>
</person>
<person id="person9">
<name>Doyne Orlowska</name>
<emailaddress>mailto:Orlowska@lucent.com</emailaddress>
<homepage>http://www.lucent.com/~Orlowska</homepage>
<creditcard>8116 1498 1997 5316</creditcard>
<profile income="50645.66">
<business>No</business>
</profile>
<watches>
<watch open_auction="open_auction37"/>
<watch open_auction="open_auction2"/>
</watches>
</person>
<person id="person10">
<name>Basim Kamsties</name>
<emailaddress>mailto:Kamsties@co.in</emailaddress>
<homepage>http://www.co.in/~Kamsties</homepage>
<creditcard>6739 5583 3720 6838</creditcard>
<profile income="67956.37">
<interest category="category2"/>
<interest category="category3"/>
<interest category="category0"/>
<interest category="category0"/>
<education>Other</education>
<gender>male</gender>
<business>Yes</business>
</profile>
</person>
<person id="person11">
<name>Kourosh Norsworthy</name>
<emailaddress>mailto:Norsworthy@oracle.com</emailaddress>
<phone>+0 (689) 89967515</phone>
<address>
<street>77 Rety St</street>
<city>Jacksonville</city>
<country>United States</country>
<zipcode>20</zipcode>
</address>
<homepage>http://www.oracle.com/~Norsworthy</homepage>
<creditcard>9393 7752 7578 9636</creditcard>
<profile income="39468.38">
<interest category="category0"/>
<interest category="category1"/>
<interest category="category0"/>
<education>High School</education>
<business>Yes</business>
<age>56</age>
</profile>
</person>
<person id="person12">
<name>Mauno Eaglestone</name>
<emailaddress>mailto:Eaglestone@ucdavis.edu</emailaddress>
<phone>+0 (582) 59460782</phone>
<address>
<street>7 Nassif St</street>
<city>Florence</city>
<country>United States</country>
<province>Oklahoma</province>
<zipcode>16</zipcode>
</address>
<watches>
<watch open_auction="open_auction14"/>
</watches>
</person>
<person id="person13">
<name>Rimli Treble</name>
<emailaddress>mailto:Treble@uni-muenchen.de</emailaddress>
</person>
<person id="person14">
<name>Orazio Mikki</name>
<emailaddress>mailto:Mikki@umb.edu</emailaddress>
<profile income="55988.41">
<interest category="category0"/>
<interest category="category2"/>
<interest category="category3"/>
<education>Other</education>
<gender>male</gender>
<business>No</business>
</profile>
<watches>
<watch open_auction="open_auction43"/>
<watch open_auction="open_auction49"/>
<watch open_auction="open_auction13"/>
<watch open_auction="open_auction9"/>
<watch open_auction="open_auction33"/>
</watches>
</person>
<person id="person15">
<name>Staphane Fairtlough</name>
<emailaddress>mailto:Fairtlough@okcu.edu</emailaddress>
<phone>+0 (34) 24978582</phone>
<address>
<street>3 Bekesi St</street>
<city>Pittsburgh</city>
<country>United States</country>
<province>Arizona</province>
<zipcode>31</zipcode>
</address>
<homepage>http://www.okcu.edu/~Fairtlough</homepage>
<creditcard>8289 5444 1165 8386</creditcard>
<profile income="58196.09">
<gender>male</gender>
<business>Yes</business>
</profile>
<watches>
</watches>
</person>
<person id="person16">
<name>Shai Koponen</name>
<emailaddress>mailto:Koponen@microsoft.com</emailaddress>
<phone>+0 (971) 32309321</phone>
<creditcard>9282 9197 8080 9912</creditcard>
<profile income="50134.29">
<interest category="category0"/>
<interest category="category1"/>
<education>Graduate School</education>
<gender>male</gender>
<business>Yes</business>
</profile>
</person>
<person id="person17">
<name>Yevgeniy Pettit</name>
<emailaddress>mailto:Pettit@neu.edu</emailaddress>
<address>
<street>67 Marletta St</street>
<city>Detroit</city>
<country>Armenia</country>
<province>Husain</province>
<zipcode>29</zipcode>
</address>
<profile income="66017.28">
<interest category="category3"/>
<education>Graduate School</education>
<gender>female</gender>
<business>No</business>
</profile>
</person>
<person id="person18">
<name>Martyn Carrera</name>
<emailaddress>mailto:Carrera@evergreen.edu</emailaddress>
<phone>+11 (472) 60351901</phone>
<homepage>http://www.evergreen.edu/~Carrera</homepage>
<creditcard>9982 9740 2670 5948</creditcard>
<profile income="9876.00">
<interest category="category2"/>
<education>High School</education>
<business>Yes</business>
<age>27</age>
</profile>
<watches>
<watch open_auction="open_auction29"/>
</watches>
</person>
<person id="person19">
<name>Haodong Usui</name>
<emailaddress>mailto:Usui@sfu.ca</emailaddress>
<creditcard>8085 4791 1160 4895</creditcard>
<profile income="57120.43">
<interest category="category2"/>
<business>No</business>
<age>21</age>
</profile>
<watches>
<watch open_auction="open_auction10"/>
<watch open_auction="open_auction35"/>
<watch open_auction="open_auction38"/>
<watch open_auction="open_auction27"/>
</watches>
</person>
<person id="person20">
<name>Ashwani Michaels</name>
<emailaddress>mailto:Michaels@umd.edu</emailaddress>
<address>
<street>52 Arruda St</street>
<city>Louisville</city>
<country>United States</country>
<province>Hawaii</province>
<zipcode>25</zipcode>
</address>
<profile income="76843.23">
<interest category="category2"/>
<interest category="category3"/>
<interest category="category0"/>
<interest category="category3"/>
<interest category="category0"/>
<business>Yes</business>
</profile>
</person>
<person id="person21">
<name>Fikri Lagnier</name>
<emailaddress>mailto:Lagnier@prc.com</emailaddress>
<homepage>http://www.prc.com/~Lagnier</homepage>
<creditcard>7285 8450 9889 1146</creditcard>
<profile income="64393.59">
<interest category="category1"/>
<interest category="category1"/>
<interest category="category2"/>
<interest category="category0"/>
<interest category="category2"/>
<interest category="category2"/>
<interest category="category0"/>
<interest category="category2"/>
<gender>male</gender>
<business>Yes</business>
</profile>
<watches>
<watch open_auction="open_auction50"/>
<watch open_auction="open_auction25"/>
<watch open_auction="open_auction27"/>
<watch open_auction="open_auction2"/>
<watch open_auction="open_auction8"/>
</watches>
</person>
<person id="person22">
<name>Gina Marjeta</name>
<emailaddress>mailto:Marjeta@microsoft.com</emailaddress>
<address>
<street>26 Capalbo St</street>
<city>Little</city>
<country>United States</country>
<province>Maryland</province>
<zipcode>17</zipcode>
</address>
<profile income="16587.95">
<interest category="category1"/>
<interest category="category1"/>
<education>Other</education>
<gender>male</gender>
<business>No</business>
<age>33</age>
</profile>
</person>
<person id="person23">
<name>Ladjel Debregeas</name>
<emailaddress>mailto:Debregeas@bell-labs.com</emailaddress>
<address>
<street>11 Lorch St</street>
<city>Villahermosa</city>
<country>United States</country>
<province>Alaska</province>
<zipcode>32</zipcode>
</address>
<homepage>http://www.bell-labs.com/~Debregeas</homepage>
<profile income="30362.75">
<interest category="category1"/>
<education>High School</education>
<gender>male</gender>
<business>Yes</business>
<age>53</age>
</profile>
<watches>
<watch open_auction="open_auction2"/>
</watches>
</person>
<person id="person24">
<name>Soheil Cosar</name>
<emailaddress>mailto:Cosar@ul.pt</emailaddress>
<homepage>http://www.ul.pt/~Cosar</homepage>
<creditcard>5827 8401 8288 9960</creditcard>
</person>
<person id="person25">
<name>Koushi Acil'diev</name>
<emailaddress>mailto:Acil'diev@indiana.edu</emailaddress>
<phone>+0 (175) 7690495</phone>
<address>
<street>21 Chi St</street>
<city>Greensboro</city>
<country>United States</country>
<province>West Virginia</province>
<zipcode>20</zipcode>
</address>
<creditcard>1581 8580 7199 5478</creditcard>
</person>
<person id="person26">
<name>Muzhong Betz</name>
<emailaddress>mailto:Betz@auc.dk</emailaddress>
<phone>+0 (276) 26960946</phone>
<address>
<street>29 Benkoski St</street>
<city>Lyon</city>
<country>United States</country>
<zipcode>20</zipcode>
</address>
<watches>
<watch open_auction="open_auction50"/>
<watch open_auction="open_auction42"/>
</watches>
</person>
<person id="person27">
<name>Eleanna Szymczak</name>
<emailaddress>mailto:Szymczak@clustra.com</emailaddress>
<phone>+0 (294) 5092993</phone>
<address>
<street>37 Faraboschi St</street>
<city>Bucharest</city>
<country>United States</country>
<province>Minnesota</province>
<zipcode>17</zipcode>
</address>
<creditcard>3782 2981 5674 4314</creditcard>
</person>
<person id="person28">
<name>Satish Tempesti</name>
<emailaddress>mailto:Tempesti@uni-trier.de</emailaddress>
<homepage>http://www.uni-trier.de/~Tempesti</homepage>
<creditcard>4765 6626 1237 6012</creditcard>
<profile income="9876.00">
<interest category="category0"/>
<interest category="category1"/>
<interest category="category3"/>
<interest category="category3"/>
<education>High School</education>
<gender>female</gender>
<business>Yes</business>
<age>18</age>
</profile>
</person>
<person id="person29">
<name>Ismailcem Zaremba</name>
<emailaddress>mailto:Zaremba@ubs.com</emailaddress>
<creditcard>7515 2039 9084 9504</creditcard>
<profile income="71684.57">
<interest category="category1"/>
<interest category="category0"/>
<interest category="category0"/>
<interest category="category2"/>
<interest category="category1"/>
<interest category="category3"/>
<interest category="category2"/>
<education>High School</education>
<gender>male</gender>
<business>No</business>
<age>41</age>
</profile>
<watches>
<watch open_auction="open_auction0"/>
<watch open_auction="open_auction35"/>
<watch open_auction="open_auction47"/>
<watch open_auction="open_auction28"/>
<watch open_auction="open_auction53"/>
<watch open_auction="open_auction37"/>
<watch open_auction="open_auction34"/>
<watch open_auction="open_auction32"/>
<watch open_auction="open_auction26"/>
<watch open_auction="open_auction31"/>
<watch open_auction="open_auction58"/>
</watches>
</person>
<person id="person30">
<name>Pier Cyne</name>
<emailaddress>mailto:Cyne@uta.edu</emailaddress>
<address>
<street>84 Olech St</street>
<city>Worcester</city>
<country>United States</country>
<province>Mississipi</province>
<zipcode>27</zipcode>
</address>
<profile income="15760.24">
<interest category="category2"/>
<interest category="category3"/>
<interest category="category0"/>
<interest category="category0"/>
<interest category="category1"/>
<interest category="category1"/>
<interest category="category3"/>
<interest category="category0"/>
<interest category="category0"/>
<interest category="category2"/>
<education>High School</education>
<business>No</business>
<age>24</age>
</profile>
<watches>
<watch open_auction="open_auction11"/>
<watch open_auction="open_auction6"/>
</watches>
</person>
<person id="person31">
<name>Sven Lammel</name>
<emailaddress>mailto:Lammel@itc.it</emailaddress>
<address>
<street>40 Groz St</street>
<city>Lansing</city>
<country>United States</country>
<province>Indiana</province>
<zipcode>13</zipcode>
</address>
<creditcard>4314 9576 4676 9358</creditcard>
<profile income="9876.00">
<gender>male</gender>
<business>Yes</business>
</profile>
</person>
<person id="person32">
<name>Barb Staudhammer</name>
<emailaddress>mailto:Staudhammer@acm.org</emailaddress>
</person>
<person id="person33">
<name>Lide Toyoshima</name>
<emailaddress>mailto:Toyoshima@hp.com</emailaddress>
<address>
<street>15 Forchert St</street>
<city>Windhoek</city>
<country>United States</country>
<province>Nebraska</province>
<zipcode>24</zipcode>
</address>
<homepage>http://www.hp.com/~Toyoshima</homepage>
<profile income="24450.99">
<interest category="category2"/>
<education>High School</education>
<gender>female</gender>
<business>No</business>
<age>37</age>
</profile>
<watches>
<watch open_auction="open_auction8"/>
<watch open_auction="open_auction56"/>
<watch open_auction="open_auction45"/>
<watch open_auction="open_auction22"/>
</watches>
</person>
<person id="person34">
<name>Vijayan Goodrum</name>
<emailaddress>mailto:Goodrum@newpaltz.edu</emailaddress>
<address>
<street>3 Yamnitsky St</street>
<city>Manchester</city>
<country>United States</country>
<zipcode>6</zipcode>
</address>
<homepage>http://www.newpaltz.edu/~Goodrum</homepage>
<watches>
<watch open_auction="open_auction13"/>
<watch open_auction="open_auction51"/>
<watch open_auction="open_auction42"/>
<watch open_auction="open_auction57"/>
<watch open_auction="open_auction9"/>
</watches>
</person>
<person id="person35">
<name>Godehard Swartout</name>
<emailaddress>mailto:Swartout@uu.se</emailaddress>
<address>
<street>33 Yaoi St</street>
<city>Aruba</city>
<country>United States</country>
<zipcode>22</zipcode>
</address>
<homepage>http://www.uu.se/~Swartout</homepage>
<creditcard>9480 6648 3268 5438</creditcard>
</person>
<person id="person36">
<name>Guttorm Takano</name>
<emailaddress>mailto:Takano@upenn.edu</emailaddress>
<phone>+0 (608) 95267970</phone>
<homepage>http://www.upenn.edu/~Takano</homepage>
<watches>
<watch open_auction="open_auction3"/>
</watches>
</person>
<person id="person37">
<name>Fan Uthaisombut</name>
<emailaddress>mailto:Uthaisombut@gmu.edu</emailaddress>
<address>
<street>44 Robson St</street>
<city>Omaha</city>
<country>United States</country>
<province>Nebraska</province>
<zipcode>33</zipcode>
</address>
<homepage>http://www.gmu.edu/~Uthaisombut</homepage>
<profile income="61145.61">
<interest category="category0"/>
<education>Other</education>
<gender>female</gender>
<business>Yes</business>
<age>25</age>
</profile>
<watches>
<watch open_auction="open_auction58"/>
<watch open_auction="open_auction51"/>
<watch open_auction="open_auction55"/>
<watch open_auction="open_auction49"/>
<watch open_auction="open_auction58"/>
<watch open_auction="open_auction42"/>
<watch open_auction="open_auction52"/>
<watch open_auction="open_auction16"/>
<watch open_auction="open_auction43"/>
<watch open_auction="open_auction42"/>
<watch open_auction="open_auction9"/>
<watch open_auction="open_auction5"/>
<watch open_auction="open_auction22"/>
<watch open_auction="open_auction29"/>
<watch open_auction="open_auction58"/>
<watch open_auction="open_auction40"/>
<watch open_auction="open_auction53"/>
<watch open_auction="open_auction42"/>
<watch open_auction="open_auction24"/>
<watch open_auction="open_auction40"/>
</watches>
</person>
<person id="person38">
<name>Leaf Schneeberger</name>
<emailaddress>mailto:Schneeberger@toronto.edu</emailaddress>
<phone>+0 (156) 38091457</phone>
</person>
<person id="person39">
<name>Maitham Ciompi</name>
<emailaddress>mailto:Ciompi@wisc.edu</emailaddress>
<homepage>http://www.wisc.edu/~Ciompi</homepage>
<watches>
</watches>
</person>
<person id="person40">
<name>Nobutaka Luks</name>
<emailaddress>mailto:Luks@cwi.nl</emailaddress>
<address>
<street>89 Cacciabue St</street>
<city>Fort</city>
<country>United States</country>
<province>Rhode Island</province>
<zipcode>19</zipcode>
</address>
<creditcard>7934 1825 7811 4351</creditcard>
<profile income="61599.83">
<interest category="category3"/>
<education>Graduate School</education>
<gender>male</gender>
<business>Yes</business>
<age>32</age>
</profile>
<watches>
<watch open_auction="open_auction23"/>
<watch open_auction="open_auction1"/>
</watches>
</person>
<person id="person41">
<name>Aggis Noble</name>
<emailaddress>mailto:Noble@ntua.gr</emailaddress>
<profile income="65492.57">
<interest category="category2"/>
<education>College</education>
<business>Yes</business>
<age>26</age>
</profile>
<watches>
<watch open_auction="open_auction24"/>
<watch open_auction="open_auction0"/>
<watch open_auction="open_auction18"/>
</watches>
</person>
<person id="person42">
<name>Jinxi Devesa</name>
<emailaddress>mailto:Devesa@ncr.com</emailaddress>
<phone>+0 (881) 33486590</phone>
<address>
<street>45 Nemytykh St</street>
<city>Porto</city>
<country>United States</country>
<province>Arkansas</province>
<zipcode>26</zipcode>
</address>
<creditcard>8734 3223 7900 5009</creditcard>
<watches>
<watch open_auction="open_auction0"/>
<watch open_auction="open_auction31"/>
<watch open_auction="open_auction25"/>
<watch open_auction="open_auction51"/>
<watch open_auction="open_auction41"/>
<watch open_auction="open_auction20"/>
<watch open_auction="open_auction8"/>
<watch open_auction="open_auction47"/>
</watches>
</person>
<person id="person43">
<name>Subhasish Thoreson</name>
<emailaddress>mailto:Thoreson@memphis.edu</emailaddress>
<phone>+0 (554) 53304886</phone>
<address>
<street>39 Dear St</street>
<city>Memphis</city>
<country>United States</country>
<zipcode>27</zipcode>
</address>
<profile income="61750.69">
<interest category="category2"/>
<interest category="category1"/>
<interest category="category3"/>
<interest category="category3"/>
<business>No</business>
</profile>
</person>
<person id="person44">
<name>Haldun Schmitt</name>
<emailaddress>mailto:Schmitt@lante.com</emailaddress>
<phone>+0 (795) 79015210</phone>
<address>
<street>46 Arlazarov St</street>
<city>Lexington</city>
<country>Afghanistan</country>
<zipcode>16</zipcode>
</address>
<creditcard>9081 4749 1640 3884</creditcard>
<profile income="15620.52">
<interest category="category2"/>
<interest category="category0"/>
<gender>male</gender>
<business>No</business>
</profile>
<watches>
</watches>
</person>
<person id="person45">
<name>Olof Karedla</name>
<emailaddress>mailto:Karedla@nyu.edu</emailaddress>
<watches>
<watch open_auction="open_auction20"/>
</watches>
</person>
<person id="person46">
<name>Gian Ozceri</name>
<emailaddress>mailto:Ozceri@clustra.com</emailaddress>
<phone>+1 (403) 13587692</phone>
<homepage>http://www.clustra.com/~Ozceri</homepage>
<creditcard>9964 3936 9959 4348</creditcard>
<profile income="31382.96">
<interest category="category0"/>
<interest category="category0"/>
<interest category="category0"/>
<gender>female</gender>
<business>No</business>
<age>27</age>
</profile>
</person>
<person id="person47">
<name>Mehrdad Strout</name>
<emailaddress>mailto:Strout@ul.pt</emailaddress>
<phone>+1 (638) 37565142</phone>
<homepage>http://www.ul.pt/~Strout</homepage>
<profile income="28845.81">
<interest category="category0"/>
<interest category="category1"/>
<interest category="category1"/>
<business>Yes</business>
<age>18</age>
</profile>
</person>
<person id="person48">
<name>Marek Stamm</name>
<emailaddress>mailto:Stamm@monmouth.edu</emailaddress>
<phone>+1 (997) 62575611</phone>
<address>
<street>36 Wattum St</street>
<city>Rapid</city>
<country>United States</country>
<zipcode>19</zipcode>
</address>
<creditcard>7535 3155 5319 4333</creditcard>
<profile income="9876.00">
<interest category="category2"/>
<interest category="category3"/>
<interest category="category2"/>
<gender>female</gender>
<business>No</business>
<age>18</age>
</profile>
<watches>
<watch open_auction="open_auction34"/>
<watch open_auction="open_auction9"/>
<watch open_auction="open_auction42"/>
<watch open_auction="open_auction6"/>
</watches>
</person>
<person id="person49">
<name>Renu Czezowski</name>
<emailaddress>mailto:Czezowski@clarkson.edu</emailaddress>
<phone>+0 (557) 40606551</phone>
<homepage>http://www.clarkson.edu/~Czezowski</homepage>
<profile income="32633.93">
<interest category="category2"/>
<interest category="category3"/>
<interest category="category3"/>
<interest category="category1"/>
<interest category="category1"/>
<education>Graduate School</education>
<business>No</business>
</profile>
<watches>
<watch open_auction="open_auction44"/>
<watch open_auction="open_auction20"/>
</watches>
</person>
<person id="person50">
<name>Lihao Merle</name>
<emailaddress>mailto:Merle@att.com</emailaddress>
<phone>+0 (814) 27159494</phone>
<address>
<street>82 Kupiec St</street>
<city>Mexico</city>
<country>United States</country>
<zipcode>26</zipcode>
</address>
<profile income="9876.00">
<interest category="category3"/>
<interest category="category2"/>
<interest category="category3"/>
<business>No</business>
<age>25</age>
</profile>
<watches>
<watch open_auction="open_auction51"/>
<watch open_auction="open_auction58"/>
<watch open_auction="open_auction57"/>
</watches>
</person>
<person id="person51">
<name>Yukinobu Collart</name>
<emailaddress>mailto:Collart@uqam.ca</emailaddress>
<address>
<street>27 Miranker St</street>
<city>Stockholm</city>
<country>United States</country>
<province>Virginia</province>
<zipcode>26</zipcode>
</address>
<homepage>http://www.uqam.ca/~Collart</homepage>
</person>
<person id="person52">
<name>Scarlet Hallam</name>
<emailaddress>mailto:Hallam@arizona.edu</emailaddress>
<phone>+0 (308) 14723717</phone>
<address>
<street>55 Blaauw St</street>
<city>Athens</city>
<country>United States</country>
<zipcode>28</zipcode>
</address>
<homepage>http://www.arizona.edu/~Hallam</homepage>
<creditcard>5885 2123 8363 6762</creditcard>
<watches>
<watch open_auction="open_auction50"/>
<watch open_auction="open_auction0"/>
<watch open_auction="open_auction51"/>
<watch open_auction="open_auction32"/>
<watch open_auction="open_auction24"/>
</watches>
</person>
<person id="person53">
<name>Shashank McCandless</name>
<emailaddress>mailto:McCandless@ac.uk</emailaddress>
<homepage>http://www.ac.uk/~McCandless</homepage>
<creditcard>9670 3002 4786 5187</creditcard>
<watches>
<watch open_auction="open_auction54"/>
</watches>
</person>
<person id="person54">
<name>Kalvis Ruemmler</name>
<emailaddress>mailto:Ruemmler@lri.fr</emailaddress>
<phone>+0 (560) 19202783</phone>
<address>
<street>94 Koszlajda St</street>
<city>Las</city>
<country>United States</country>
<province>Florida</province>
<zipcode>3</zipcode>
</address>
<homepage>http://www.lri.fr/~Ruemmler</homepage>
</person>
<person id="person55">
<name>Delbert Bridges</name>
<emailaddress>mailto:Bridges@uni-marburg.de</emailaddress>
<phone>+0 (838) 69449279</phone>
<address>
<street>49 Hosaka St</street>
<city>Missoula</city>
<country>United States</country>
<zipcode>6</zipcode>
</address>
<homepage>http://www.uni-marburg.de/~Bridges</homepage>
<profile income="9876.00">
<interest category="category0"/>
<interest category="category2"/>
<interest category="category2"/>
<business>Yes</business>
</profile>
</person>
<person id="person56">
<name>Jiafu Takano</name>
<emailaddress>mailto:Takano@yorku.ca</emailaddress>
<creditcard>9824 2018 5187 7554</creditcard>
<watches>
<watch open_auction="open_auction53"/>
<watch open_auction="open_auction34"/>
<watch open_auction="open_auction41"/>
<watch open_auction="open_auction52"/>
<watch open_auction="open_auction2"/>
<watch open_auction="open_auction27"/>
<watch open_auction="open_auction24"/>
<watch open_auction="open_auction11"/>
<watch open_auction="open_auction37"/>
</watches>
</person>
<person id="person57">
<name>Changsik Mikitiuk</name>
<emailaddress>mailto:Mikitiuk@unizh.ch</emailaddress>
<phone>+0 (167) 72255991</phone>
<address>
<street>18 Szablak St</street>
<city>Dallas</city>
<country>United States</country>
<zipcode>13</zipcode>
</address>
<homepage>http://www.unizh.ch/~Mikitiuk</homepage>
</person>
<person id="person58">
<name>Armando Ramalho</name>
<emailaddress>mailto:Ramalho@rpi.edu</emailaddress>
<phone>+0 (813) 50055640</phone>
<address>
<street>46 Cosar St</street>
<city>Milan</city>
<country>Barbados</country>
<zipcode>26</zipcode>
</address>
<homepage>http://www.rpi.edu/~Ramalho</homepage>
<profile income="31049.80">
<interest category="category2"/>
<interest category="category2"/>
<interest category="category0"/>
<interest category="category0"/>
<interest category="category0"/>
<gender>female</gender>
<business>Yes</business>
<age>18</age>
</profile>
</person>
<person id="person59">
<name>Yiwen Biederman</name>
<emailaddress>mailto:Biederman@csufresno.edu</emailaddress>
<phone>+19 (332) 40278266</phone>
<creditcard>4648 9562 1835 8104</creditcard>
</person>
<person id="person60">
<name>Pozung Lambe</name>
<emailaddress>mailto:Lambe@filelmaker.com</emailaddress>
<phone>+19 (472) 48751057</phone>
<creditcard>5424 3450 1347 7901</creditcard>
</person>
<person id="person61">
<name>Shaowen Giannotti</name>
<emailaddress>mailto:Giannotti@edu.cn</emailaddress>
<phone>+19 (341) 9146358</phone>
<address>
<street>97 Pitschke St</street>
<city>Dothan</city>
<country>Armenia</country>
<province>Chickermane</province>
<zipcode>10</zipcode>
</address>
<homepage>http://www.edu.cn/~Giannotti</homepage>
<creditcard>6900 2491 4840 5475</creditcard>
</person>
<person id="person62">
<name>Sarantos Billawala</name>
<emailaddress>mailto:Billawala@sun.com</emailaddress>
<homepage>http://www.sun.com/~Billawala</homepage>
<creditcard>3969 7351 5360 2016</creditcard>
<profile income="33997.29">
<interest category="category0"/>
<interest category="category0"/>
<education>Other</education>
<business>No</business>
<age>28</age>
</profile>
<watches>
<watch open_auction="open_auction48"/>
<watch open_auction="open_auction47"/>
<watch open_auction="open_auction23"/>
<watch open_auction="open_auction56"/>
<watch open_auction="open_auction2"/>
<watch open_auction="open_auction49"/>
<watch open_auction="open_auction39"/>
<watch open_auction="open_auction9"/>
<watch open_auction="open_auction37"/>
<watch open_auction="open_auction5"/>
<watch open_auction="open_auction7"/>
</watches>
</person>
<person id="person63">
<name>Clyde Remy</name>
<emailaddress>mailto:Remy@ucla.edu</emailaddress>
<address>
<street>33 Nadas St</street>
<city>Grenada</city>
<country>United States</country>
<province>Washington</province>
<zipcode>9</zipcode>
</address>
<creditcard>1362 9045 5836 3715</creditcard>
<profile income="74522.38">
<interest category="category1"/>
<education>Graduate School</education>
<business>No</business>
</profile>
<watches>
<watch open_auction="open_auction23"/>
<watch open_auction="open_auction10"/>
</watches>
</person>
<person id="person64">
<name>Ramayya Eiter</name>
<emailaddress>mailto:Eiter@umass.edu</emailaddress>
<profile income="9876.00">
<interest category="category2"/>
<interest category="category3"/>
<education>Graduate School</education>
<business>No</business>
</profile>
<watches>
<watch open_auction="open_auction1"/>
<watch open_auction="open_auction3"/>
<watch open_auction="open_auction1"/>
<watch open_auction="open_auction30"/>
<watch open_auction="open_auction21"/>
<watch open_auction="open_auction33"/>
<watch open_auction="open_auction27"/>
</watches>
</person>
<person id="person65">
<name>Misako Hogge</name>
<emailaddress>mailto:Hogge@ust.hk</emailaddress>
<homepage>http://www.ust.hk/~Hogge</homepage>
</person>
<person id="person66">
<name>Eran Lanzelotte</name>
<emailaddress>mailto:Lanzelotte@uu.se</emailaddress>
<phone>+0 (409) 27863742</phone>
<address>
<street>82 Baz St</street>
<city>Puebla</city>
<country>United States</country>
<province>Utah</province>
<zipcode>27</zipcode>
</address>
<homepage>http://www.uu.se/~Lanzelotte</homepage>
<profile income="9876.00">
<interest category="category2"/>
<interest category="category2"/>
<gender>male</gender>
<business>Yes</business>
</profile>
<watches>
<watch open_auction="open_auction41"/>
</watches>
</person>
<person id="person67">
<name>Marias Kornyak</name>
<emailaddress>mailto:Kornyak@cnr.it</emailaddress>
<phone>+0 (403) 86055819</phone>
<profile income="59927.71">
<interest category="category1"/>
<interest category="category2"/>
<interest category="category1"/>
<interest category="category3"/>
<interest category="category3"/>
<interest category="category0"/>
<interest category="category2"/>
<interest category="category0"/>
<interest category="category0"/>
<interest category="category2"/>
<interest category="category3"/>
<interest category="category0"/>
<interest category="category3"/>
<interest category="category3"/>
<education>Other</education>
<business>No</business>
</profile>
<watches>
</watches>
</person>
<person id="person68">
<name>Radenko Ritzmann</name>
<emailaddress>mailto:Ritzmann@sds.no</emailaddress>
<address>
<street>68 Kisielewicz St</street>
<city>Kalispell</city>
<country>United States</country>
<province>South Carolina</province>
<zipcode>9</zipcode>
</address>
<homepage>http://www.sds.no/~Ritzmann</homepage>
<creditcard>8977 1734 8618 9285</creditcard>
<watches>
<watch open_auction="open_auction50"/>
<watch open_auction="open_auction20"/>
<watch open_auction="open_auction8"/>
<watch open_auction="open_auction30"/>
<watch open_auction="open_auction17"/>
</watches>
</person>
<person id="person69">
<name>Shumeet Bentlage</name>
<emailaddress>mailto:Bentlage@hp.com</emailaddress>
<homepage>http://www.hp.com/~Bentlage</homepage>
<watches>
<watch open_auction="open_auction5"/>
<watch open_auction="open_auction20"/>
<watch open_auction="open_auction4"/>
<watch open_auction="open_auction48"/>
<watch open_auction="open_auction0"/>
<watch open_auction="open_auction25"/>
</watches>
</person>
<person id="person70">
<name>Toralf Keates</name>
<emailaddress>mailto:Keates@yahoo.com</emailaddress>
<phone>+0 (488) 17692228</phone>
<address>
<street>57 Biefeld St</street>
<city>Jackson</city>
<country>United States</country>
<province>Georgia</province>
<zipcode>19</zipcode>
</address>
<homepage>http://www.yahoo.com/~Keates</homepage>
<watches>
<watch open_auction="open_auction50"/>
<watch open_auction="open_auction35"/>
<watch open_auction="open_auction45"/>
<watch open_auction="open_auction29"/>
<watch open_auction="open_auction48"/>
<watch open_auction="open_auction10"/>
<watch open_auction="open_auction13"/>
<watch open_auction="open_auction18"/>
<watch open_auction="open_auction30"/>
<watch open_auction="open_auction34"/>
<watch open_auction="open_auction6"/>
</watches>
</person>
<person id="person71">
<name>Jermy Montemayor</name>
<emailaddress>mailto:Montemayor@crossgain.com</emailaddress>
<address>
<street>34 Nakakoji St</street>
<city>Guaymas</city>
<country>United States</country>
<zipcode>38</zipcode>
</address>
</person>
<person id="person72">
<name>Conor Diz</name>
<emailaddress>mailto:Diz@okcu.edu</emailaddress>
<phone>+0 (119) 18023663</phone>
<address>
<street>33 Seggelke St</street>
<city>Dubai</city>
<country>United States</country>
<province>Idaho</province>
<zipcode>21</zipcode>
</address>
<homepage>http://www.okcu.edu/~Diz</homepage>
<creditcard>9771 1118 9264 7408</creditcard>
<profile income="46670.07">
<interest category="category2"/>
<interest category="category3"/>
<interest category="category3"/>
<interest category="category1"/>
<interest category="category3"/>
<interest category="category3"/>
<interest category="category2"/>
<interest category="category3"/>
<education>Other</education>
<business>No</business>
<age>18</age>
</profile>
</person>
<person id="person73">
<name>Eyeun Pelc</name>
<emailaddress>mailto:Pelc@nodak.edu</emailaddress>
</person>
<person id="person74">
<name>Piyu Falin</name>
<emailaddress>mailto:Falin@microsoft.com</emailaddress>
<phone>+0 (719) 33985034</phone>
<homepage>http://www.microsoft.com/~Falin</homepage>
<watches>
<watch open_auction="open_auction30"/>
</watches>
</person>
<person id="person75">
<name>Patiwat Gurret</name>
<emailaddress>mailto:Gurret@usa.net</emailaddress>
<creditcard>2541 8837 8894 3368</creditcard>
<profile income="38501.78">
<interest category="category1"/>
<interest category="category1"/>
<business>Yes</business>
</profile>
</person>
<person id="person76">
<name>Ryoji Bober</name>
<emailaddress>mailto:Bober@poznan.pl</emailaddress>
<address>
<street>17 Kombarov St</street>
<city>Bermuda</city>
<country>United States</country>
<province>New Hampshire</province>
<zipcode>39</zipcode>
</address>
<homepage>http://www.poznan.pl/~Bober</homepage>
<creditcard>5503 3306 3483 6730</creditcard>
<profile income="37506.84">
<education>High School</education>
<business>Yes</business>
<age>18</age>
</profile>
<watches>
</watches>
</person>
<person id="person77">
<name>Gad Kaack</name>
<emailaddress>mailto:Kaack@oracle.com</emailaddress>
<address>
<street>57 Rubinfield St</street>
<city>Dayton</city>
<country>Montserrat</country>
<zipcode>15</zipcode>
</address>
<homepage>http://www.oracle.com/~Kaack</homepage>
<profile income="73650.20">
<gender>male</gender>
<business>No</business>
<age>21</age>
</profile>
<watches>
<watch open_auction="open_auction22"/>
<watch open_auction="open_auction27"/>
<watch open_auction="open_auction55"/>
<watch open_auction="open_auction25"/>
</watches>
</person>
<person id="person78">
<name>Lionel Grospietsch</name>
<emailaddress>mailto:Grospietsch@ac.be</emailaddress>
<phone>+140 (155) 93708115</phone>
<address>
<street>50 Berard St</street>
<city>Barcelona</city>
<country>United States</country>
<zipcode>29</zipcode>
</address>
<watches>
<watch open_auction="open_auction29"/>
<watch open_auction="open_auction28"/>
</watches>
</person>
<person id="person79">
<name>Venkatavasu Takano</name>
<emailaddress>mailto:Takano@ucd.ie</emailaddress>
<homepage>http://www.ucd.ie/~Takano</homepage>
<profile income="29628.99">
<interest category="category3"/>
<interest category="category1"/>
<interest category="category1"/>
<interest category="category0"/>
<interest category="category3"/>
<interest category="category0"/>
<education>High School</education>
<business>Yes</business>
</profile>
<watches>
</watches>
</person>
<person id="person80">
<name>Ramsey Nozaka</name>
<emailaddress>mailto:Nozaka@pitt.edu</emailaddress>
</person>
<person id="person81">
<name>Melissa Foote</name>
<emailaddress>mailto:Foote@uwaterloo.ca</emailaddress>
<homepage>http://www.uwaterloo.ca/~Foote</homepage>
<creditcard>5899 9938 7302 1627</creditcard>
<profile income="9876.00">
<interest category="category1"/>
<interest category="category3"/>
<interest category="category3"/>
<education>Graduate School</education>
<business>Yes</business>
</profile>
</person>
<person id="person82">
<name>Dung Schulman</name>
<emailaddress>mailto:Schulman@intersys.com</emailaddress>
<address>
<street>46 Pivkina St</street>
<city>Toulouse</city>
<country>United States</country>
<zipcode>26</zipcode>
</address>
<creditcard>4862 3483 8648 9987</creditcard>
<profile income="37358.23">
<interest category="category3"/>
<interest category="category1"/>
<education>High School</education>
<business>Yes</business>
</profile>
<watches>
<watch open_auction="open_auction48"/>
<watch open_auction="open_auction56"/>
<watch open_auction="open_auction28"/>
</watches>
</person>
<person id="person83">
<name>Husam Spinning</name>
<emailaddress>mailto:Spinning@unical.it</emailaddress>
<homepage>http://www.unical.it/~Spinning</homepage>
<creditcard>7075 2146 3001 4553</creditcard>
<profile income="75450.10">
<interest category="category0"/>
<business>No</business>
</profile>
<watches>
<watch open_auction="open_auction33"/>
<watch open_auction="open_auction28"/>
<watch open_auction="open_auction5"/>
<watch open_auction="open_auction1"/>
<watch open_auction="open_auction0"/>
<watch open_auction="open_auction1"/>
<watch open_auction="open_auction41"/>
<watch open_auction="open_auction50"/>
<watch open_auction="open_auction9"/>
<watch open_auction="open_auction43"/>
<watch open_auction="open_auction17"/>
<watch open_auction="open_auction57"/>
<watch open_auction="open_auction44"/>
<watch open_auction="open_auction43"/>
<watch open_auction="open_auction56"/>
<watch open_auction="open_auction37"/>
<watch open_auction="open_auction40"/>
<watch open_auction="open_auction32"/>
<watch open_auction="open_auction23"/>
<watch open_auction="open_auction55"/>
<watch open_auction="open_auction57"/>
<watch open_auction="open_auction16"/>
<watch open_auction="open_auction46"/>
<watch open_auction="open_auction48"/>
</watches>
</person>
<person id="person84">
<name>Xiaoheng Madeira</name>
<emailaddress>mailto:Madeira@ab.ca</emailaddress>
<address>
<street>97 Zeidenstein St</street>
<city>Gothenburg</city>
<country>United States</country>
<zipcode>31</zipcode>
</address>
<homepage>http://www.ab.ca/~Madeira</homepage>
</person>
<person id="person85">
<name>Morton Reggia</name>
<emailaddress>mailto:Reggia@sbphrd.com</emailaddress>
<phone>+0 (191) 82344723</phone>
<address>
<street>22 Charoenkitkarn St</street>
<city>Monroe</city>
<country>Congo</country>
<zipcode>16</zipcode>
</address>
</person>
<person id="person86">
<name>Michihiro Trelles</name>
<emailaddress>mailto:Trelles@ac.jp</emailaddress>
<phone>+48 (471) 10938623</phone>
<homepage>http://www.ac.jp/~Trelles</homepage>
<creditcard>8752 9954 5236 2011</creditcard>
<profile income="36091.36">
<interest category="category0"/>
<interest category="category3"/>
<education>Other</education>
<gender>male</gender>
<business>Yes</business>
<age>18</age>
</profile>
<watches>
<watch open_auction="open_auction33"/>
</watches>
</person>
<person id="person87">
<name>Toyohide Plavsic</name>
<emailaddress>mailto:Plavsic@uwo.ca</emailaddress>
<homepage>http://www.uwo.ca/~Plavsic</homepage>
</person>
<person id="person88">
<name>Pradeep Faulstich</name>
<emailaddress>mailto:Faulstich@lucent.com</emailaddress>
<phone>+48 (816) 25244074</phone>
<profile income="70603.98">
<interest category="category3"/>
<education>Graduate School</education>
<business>Yes</business>
<age>28</age>
</profile>
<watches>
<watch open_auction="open_auction5"/>
<watch open_auction="open_auction27"/>
</watches>
</person>
<person id="person89">
<name>Suryanarayana Felder</name>
<emailaddress>mailto:Felder@clustra.com</emailaddress>
<phone>+48 (266) 653311</phone>
<address>
<street>76 Juneja St</street>
<city>Greensboro</city>
<country>United States</country>
<zipcode>38</zipcode>
</address>
<homepage>http://www.clustra.com/~Felder</homepage>
</person>
<person id="person90">
<name>Mitsugu Hoppenstand</name>
<emailaddress>mailto:Hoppenstand@uqam.ca</emailaddress>
<phone>+0 (818) 49944600</phone>
<creditcard>6306 3469 1192 8014</creditcard>
<profile income="16523.31">
<interest category="category2"/>
<interest category="category2"/>
<interest category="category3"/>
<interest category="category3"/>
<interest category="category2"/>
<interest category="category3"/>
<gender>male</gender>
<business>No</business>
<age>36</age>
</profile>
<watches>
<watch open_auction="open_auction25"/>
</watches>
</person>
<person id="person91">
<name>IEEE Copas</name>
<emailaddress>mailto:Copas@panasonic.com</emailaddress>
<phone>+0 (159) 60347055</phone>
<watches>
<watch open_auction="open_auction57"/>
</watches>
</person>
<person id="person92">
<name>Kenton Suros</name>
<emailaddress>mailto:Suros@lbl.gov</emailaddress>
<creditcard>5947 2891 5974 2109</creditcard>
<profile income="50882.95">
<interest category="category1"/>
<interest category="category3"/>
<education>College</education>
<gender>male</gender>
<business>No</business>
<age>23</age>
</profile>
<watches>
<watch open_auction="open_auction46"/>
<watch open_auction="open_auction11"/>
</watches>
</person>
<person id="person93">
<name>Glauco Sitaraman</name>
<emailaddress>mailto:Sitaraman@auc.dk</emailaddress>
<address>
<street>84 Rusmann St</street>
<city>Moscow</city>
<country>United States</country>
<province>Nevada</province>
<zipcode>5</zipcode>
</address>
<watches>
<watch open_auction="open_auction44"/>
<watch open_auction="open_auction7"/>
</watches>
</person>
<person id="person94">
<name>Mahendran Schrift</name>
<emailaddress>mailto:Schrift@clarkson.edu</emailaddress>
<homepage>http://www.clarkson.edu/~Schrift</homepage>
<creditcard>7693 9331 9763 9130</creditcard>
</person>
<person id="person95">
<name>Manica Takano</name>
<emailaddress>mailto:Takano@newpaltz.edu</emailaddress>
<address>
<street>98 Pettersen St</street>
<city>Barcelona</city>
<country>United States</country>
<province>Tennessee</province>
<zipcode>5</zipcode>
</address>
<homepage>http://www.newpaltz.edu/~Takano</homepage>
</person>
<person id="person96">
<name>Chenxi Roccetti</name>
<emailaddress>mailto:Roccetti@auc.dk</emailaddress>
<phone>+0 (45) 84169592</phone>
<address>
<street>38 Staiger St</street>
<city>Gunnison</city>
<country>United States</country>
<province>Arkansas</province>
<zipcode>15</zipcode>
</address>
<profile income="37072.82">
<interest category="category2"/>
<interest category="category1"/>
<gender>female</gender>
<business>Yes</business>
</profile>
<watches>
<watch open_auction="open_auction25"/>
</watches>
</person>
<person id="person97">
<name>Feiyu Uselton</name>
<emailaddress>mailto:Uselton@itc.it</emailaddress>
<phone>+0 (384) 57365376</phone>
<creditcard>8436 9725 5591 4466</creditcard>
<watches>
<watch open_auction="open_auction25"/>
<watch open_auction="open_auction32"/>
</watches>
</person>
<person id="person98">
<name>Jerre Rathonyi</name>
<emailaddress>mailto:Rathonyi@wisc.edu</emailaddress>
<phone>+0 (30) 51667518</phone>
<watches>
<watch open_auction="open_auction9"/>
</watches>
</person>
<person id="person99">
<name>Fridolin Lindgreen</name>
<emailaddress>mailto:Lindgreen@wpi.edu</emailaddress>
<phone>+0 (995) 25044658</phone>
<homepage>http://www.wpi.edu/~Lindgreen</homepage>
<creditcard>9467 5743 1997 2605</creditcard>
<profile income="55940.68">
<interest category="category0"/>
<interest category="category1"/>
<interest category="category3"/>
<interest category="category0"/>
<interest category="category3"/>
<education>College</education>
<business>No</business>
<age>28</age>
</profile>
<watches>
<watch open_auction="open_auction38"/>
</watches>
</person>
<person id="person100">
<name>Christfried Takano</name>
<emailaddress>mailto:Takano@savera.com</emailaddress>
<phone>+0 (509) 98562615</phone>
<creditcard>5956 1554 8846 6482</creditcard>
<watches>
<watch open_auction="open_auction47"/>
</watches>
</person>
<person id="person101">
<name>Mingzeng Falck</name>
<emailaddress>mailto:Falck@yahoo.com</emailaddress>
<phone>+0 (178) 21633709</phone>
<watches>
<watch open_auction="open_auction13"/>
</watches>
</person>
<person id="person102">
<name>Ramesh Alippi</name>
<emailaddress>mailto:Alippi@du.edu</emailaddress>
<phone>+0 (110) 26623590</phone>
<address>
<street>24 Pries St</street>
<city>Los</city>
<country>United States</country>
<zipcode>29</zipcode>
</address>
<creditcard>3278 2760 8214 6866</creditcard>
</person>
<person id="person103">
<name>Lesley Mondadori</name>
<emailaddress>mailto:Mondadori@njit.edu</emailaddress>
<creditcard>6576 9075 1658 6254</creditcard>
<profile income="47362.75">
<interest category="category2"/>
<interest category="category0"/>
<interest category="category3"/>
<education>Other</education>
<business>Yes</business>
<age>20</age>
</profile>
<watches>
<watch open_auction="open_auction7"/>
</watches>
</person>
<person id="person104">
<name>Hitomi Landherr</name>
<emailaddress>mailto:Landherr@uwindsor.ca</emailaddress>
<address>
<street>5 Yannakoudakis St</street>
<city>Miami</city>
<country>United States</country>
<province>Florida</province>
<zipcode>16</zipcode>
</address>
<creditcard>7289 9707 9756 3398</creditcard>
<profile income="15114.42">
<interest category="category1"/>
<interest category="category3"/>
<interest category="category1"/>
<interest category="category1"/>
<business>Yes</business>
</profile>
</person>
<person id="person105">
<name>Detlev Bolzoni</name>
<emailaddress>mailto:Bolzoni@lehner.net</emailaddress>
<phone>+0 (483) 45663173</phone>
<address>
<street>5 Schijf St</street>
<city>Bangor</city>
<country>United States</country>
<province>Wisconsin</province>
<zipcode>11</zipcode>
</address>
<homepage>http://www.lehner.net/~Bolzoni</homepage>
<creditcard>4035 1734 1607 4647</creditcard>
</person>
<person id="person106">
<name>Guardian Gopalakrishnan</name>
<emailaddress>mailto:Gopalakrishnan@ucf.edu</emailaddress>
<address>
<street>69 Yarnikh St</street>
<city>Butte</city>
<country>United States</country>
<zipcode>10</zipcode>
</address>
<homepage>http://www.ucf.edu/~Gopalakrishnan</homepage>
<creditcard>9282 4761 8628 6282</creditcard>
</person>
<person id="person107">
<name>Yufeng Peac</name>
<emailaddress>mailto:Peac@smu.edu</emailaddress>
<homepage>http://www.smu.edu/~Peac</homepage>
<creditcard>1970 2309 3465 6625</creditcard>
</person>
<person id="person108">
<name>Tzonelih Vesel</name>
<emailaddress>mailto:Vesel@propel.com</emailaddress>
<address>
<street>7 Bracha St</street>
<city>Ontario</city>
<country>Christmas Island</country>
<province>Chandhok</province>
<zipcode>28</zipcode>
</address>
<profile income="106870.48">
<interest category="category0"/>
<gender>female</gender>
<business>Yes</business>
<age>32</age>
</profile>
</person>
<person id="person109">
<name>Devanand Diehr</name>
<emailaddress>mailto:Diehr@twsu.edu</emailaddress>
<phone>+45 (136) 27635727</phone>
<address>
<street>98 Ressouche St</street>
<city>Syracuse</city>
<country>United States</country>
<province>Montana</province>
<zipcode>19</zipcode>
</address>
<homepage>http://www.twsu.edu/~Diehr</homepage>
<creditcard>5667 8142 5820 4750</creditcard>
<profile income="34889.11">
<interest category="category3"/>
<interest category="category0"/>
<interest category="category0"/>
<education>High School</education>
<gender>female</gender>
<business>Yes</business>
<age>34</age>
</profile>
</person>
<person id="person110">
<name>Mor Huuskonen</name>
<emailaddress>mailto:Huuskonen@poznan.pl</emailaddress>
<creditcard>1801 5959 8556 4513</creditcard>
</person>
<person id="person111">
<name>Czeslaw Takano</name>
<emailaddress>mailto:Takano@concentric.net</emailaddress>
<phone>+0 (319) 64078210</phone>
<address>
<street>60 Lingard St</street>
<city>Chattanooga</city>
<country>United States</country>
<zipcode>29</zipcode>
</address>
<profile income="74932.90">
<interest category="category3"/>
<interest category="category3"/>
<interest category="category1"/>
<business>Yes</business>
<age>21</age>
</profile>
<watches>
<watch open_auction="open_auction53"/>
<watch open_auction="open_auction2"/>
<watch open_auction="open_auction29"/>
<watch open_auction="open_auction58"/>
<watch open_auction="open_auction35"/>
<watch open_auction="open_auction13"/>
<watch open_auction="open_auction9"/>
<watch open_auction="open_auction40"/>
<watch open_auction="open_auction50"/>
<watch open_auction="open_auction26"/>
<watch open_auction="open_auction41"/>
<watch open_auction="open_auction19"/>
<watch open_auction="open_auction5"/>
<watch open_auction="open_auction10"/>
<watch open_auction="open_auction30"/>
<watch open_auction="open_auction4"/>
<watch open_auction="open_auction32"/>
<watch open_auction="open_auction32"/>
</watches>
</person>
<person id="person112">
<name>Yee Itzfeldt</name>
<emailaddress>mailto:Itzfeldt@msn.com</emailaddress>
<address>
<street>7 Laxer St</street>
<city>Newburgh</city>
<country>United States</country>
<province>Louisiana</province>
<zipcode>14</zipcode>
</address>
<homepage>http://www.msn.com/~Itzfeldt</homepage>
<creditcard>4615 7069 8672 5823</creditcard>
<profile income="36513.48">
<gender>male</gender>
<business>Yes</business>
<age>35</age>
</profile>
</person>
<person id="person113">
<name>Heonchul Turbyfill</name>
<emailaddress>mailto:Turbyfill@umass.edu</emailaddress>
<homepage>http://www.umass.edu/~Turbyfill</homepage>
<creditcard>7634 4231 7843 1357</creditcard>
<profile income="78417.43">
<interest category="category2"/>
<gender>female</gender>
<business>Yes</business>
</profile>
</person>
<person id="person114">
<name>Uday Birnbaum</name>
<emailaddress>mailto:Birnbaum@infomix.com</emailaddress>
<phone>+0 (303) 35504651</phone>
<address>
<street>18 Jindal St</street>
<city>Columbia</city>
<country>United States</country>
<province>Arkansas</province>
<zipcode>5</zipcode>
</address>
<profile income="36733.54">
<interest category="category2"/>
<interest category="category0"/>
<interest category="category0"/>
<education>College</education>
<gender>male</gender>
<business>Yes</business>
</profile>
</person>
<person id="person115">
<name>Ishwar Eugenio</name>
<emailaddress>mailto:Eugenio@auth.gr</emailaddress>
<address>
<street>20 Ronchette St</street>
<city>Geneva</city>
<country>United States</country>
<province>Michigan</province>
<zipcode>4</zipcode>
</address>
<creditcard>7184 5912 1022 8834</creditcard>
<profile income="10745.12">
<interest category="category1"/>
<interest category="category2"/>
<interest category="category1"/>
<interest category="category2"/>
<interest category="category2"/>
<interest category="category0"/>
<interest category="category0"/>
<interest category="category0"/>
<interest category="category2"/>
<education>Other</education>
<business>Yes</business>
<age>44</age>
</profile>
<watches>
<watch open_auction="open_auction46"/>
<watch open_auction="open_auction38"/>
<watch open_auction="open_auction15"/>
</watches>
</person>
<person id="person116">
<name>Takahito Boguraev</name>
<emailaddress>mailto:Boguraev@uni-muenster.de</emailaddress>
<address>
<street>99 Cosmadopoulos St</street>
<city>Dayton</city>
<country>United States</country>
<province>Connecticut</province>
<zipcode>5</zipcode>
</address>
<profile income="57476.95">
<interest category="category3"/>
<interest category="category2"/>
<education>High School</education>
<gender>male</gender>
<business>No</business>
</profile>
</person>
<person id="person117">
<name>Garret Kriman</name>
<emailaddress>mailto:Kriman@neu.edu</emailaddress>
<phone>+0 (659) 90662874</phone>
<homepage>http://www.neu.edu/~Kriman</homepage>
</person>
<person id="person118">
<name>Toshiki Melter</name>
<emailaddress>mailto:Melter@dec.com</emailaddress>
<phone>+0 (139) 28064272</phone>
<homepage>http://www.dec.com/~Melter</homepage>
<creditcard>5999 5182 9797 9076</creditcard>
<profile income="65706.38">
<interest category="category3"/>
<interest category="category1"/>
<interest category="category3"/>
<interest category="category0"/>
<gender>female</gender>
<business>No</business>
</profile>
</person>
<person id="person119">
<name>Antonije Daladier</name>
<emailaddress>mailto:Daladier@cwru.edu</emailaddress>
<homepage>http://www.cwru.edu/~Daladier</homepage>
<profile income="30610.54">
<interest category="category1"/>
<interest category="category2"/>
<interest category="category1"/>
<interest category="category3"/>
<interest category="category0"/>
<interest category="category2"/>
<interest category="category0"/>
<interest category="category2"/>
<interest category="category2"/>
<interest category="category0"/>
<business>No</business>
</profile>
<watches>
<watch open_auction="open_auction0"/>
<watch open_auction="open_auction30"/>
<watch open_auction="open_auction7"/>
<watch open_auction="open_auction47"/>
<watch open_auction="open_auction21"/>
<watch open_auction="open_auction7"/>
<watch open_auction="open_auction33"/>
<watch open_auction="open_auction34"/>
<watch open_auction="open_auction32"/>
</watches>
</person>
<person id="person120">
<name>Wagar Bougaut</name>
<emailaddress>mailto:Bougaut@washington.edu</emailaddress>
</person>
<person id="person121">
<name>Waheed Rando</name>
<emailaddress>mailto:Rando@pitt.edu</emailaddress>
<phone>+0 (786) 11627272</phone>
<address>
<street>32 Mallela St</street>
<city>Tucson</city>
<country>United States</country>
<zipcode>37</zipcode>
</address>
<creditcard>7486 5185 1962 7735</creditcard>
<profile income="59224.09">
<education>Other</education>
<business>Yes</business>
<age>35</age>
</profile>
</person>
<person id="person122">
<name>Ra'ed Ecklund</name>
<emailaddress>mailto:Ecklund@mit.edu</emailaddress>
<phone>+0 (241) 32860064</phone>
<address>
<street>92 Naroska St</street>
<city>Mobile</city>
<country>United States</country>
<province>Kentucky</province>
<zipcode>22</zipcode>
</address>
<creditcard>6671 9509 9214 4342</creditcard>
<profile income="61680.29">
<education>High School</education>
<gender>female</gender>
<business>No</business>
</profile>
</person>
<person id="person123">
<name>Charalampos Njiwoua</name>
<emailaddress>mailto:Njiwoua@cornell.edu</emailaddress>
<phone>+0 (145) 54500753</phone>
<creditcard>6306 6666 1065 6099</creditcard>
<profile income="71656.65">
<interest category="category2"/>
<interest category="category3"/>
<interest category="category3"/>
<education>High School</education>
<business>No</business>
</profile>
<watches>
<watch open_auction="open_auction44"/>
<watch open_auction="open_auction6"/>
<watch open_auction="open_auction25"/>
</watches>
</person>
<person id="person124">
<name>Bryony Bellmore</name>
<emailaddress>mailto:Bellmore@sdsc.edu</emailaddress>
<phone>+0 (460) 39034598</phone>
<homepage>http://www.sdsc.edu/~Bellmore</homepage>
<creditcard>9045 7249 7049 6944</creditcard>
</person>
<person id="person125">
<name>Merik Rosendale</name>
<emailaddress>mailto:Rosendale@ac.kr</emailaddress>
<phone>+0 (819) 800421</phone>
<address>
<street>66 Templeman St</street>
<city>Corpus</city>
<country>United States</country>
<province>Nebraska</province>
<zipcode>22</zipcode>
</address>
<homepage>http://www.ac.kr/~Rosendale</homepage>
<profile income="26379.75">
<interest category="category1"/>
<interest category="category0"/>
<education>Other</education>
<gender>female</gender>
<business>No</business>
<age>48</age>
</profile>
</person>
<person id="person126">
<name>Pae Murdoch</name>
<emailaddress>mailto:Murdoch@auth.gr</emailaddress>
<phone>+0 (435) 95631039</phone>
<creditcard>6165 4342 2568 8325</creditcard>
<profile income="66215.93">
<business>Yes</business>
</profile>
<watches>
<watch open_auction="open_auction11"/>
<watch open_auction="open_auction16"/>
<watch open_auction="open_auction55"/>
</watches>
</person>
</people>
